<?xml version="1.0" encoding="utf-8" standalone="yes"?>
<rss version="2.0" xmlns:atom="http://www.w3.org/2005/Atom">
  <channel>
    <title>Homepages on Ivan Personal Blog</title>
    <link>/en/homepage/</link>
    <description>Recent content in Homepages on Ivan Personal Blog</description>
    <generator>Hugo -- gohugo.io</generator>
    <language>en-us</language><atom:link href="/en/homepage/index.xml" rel="self" type="application/rss+xml" />
    <item>
      <title>Homepage Grid</title>
      <link>/en/homepage/grid/</link>
      <pubDate>Mon, 01 Jan 0001 00:00:00 +0000</pubDate>
      
      <guid>/en/homepage/grid/</guid>
      <description></description>
    </item>
    
    <item>
      <title>Homepage List</title>
      <link>/en/homepage/list/</link>
      <pubDate>Mon, 01 Jan 0001 00:00:00 +0000</pubDate>
      
      <guid>/en/homepage/list/</guid>
      <description></description>
    </item>
    
  </channel>
</rss>
