<?xml version="1.0" encoding="utf-8" standalone="yes"?>
<rss version="2.0" xmlns:atom="http://www.w3.org/2005/Atom">
  <channel>
    <title>Author on Ivan Personal Blog</title>
    <link>/author/</link>
    <description>Recent content in Author on Ivan Personal Blog</description>
    <generator>Hugo -- gohugo.io</generator>
    <language>id-id</language>
    <lastBuildDate>Tue, 26 Jan 2021 10:13:00 +0600</lastBuildDate><atom:link href="/author/index.xml" rel="self" type="application/rss+xml" />
    <item>
      <title>Ivan Hertanto</title>
      <link>/author/ivan-hertanto/</link>
      <pubDate>Tue, 02 Feb 2021 10:20:19 +0600</pubDate>
      
      <guid>/author/ivan-hertanto/</guid>
      <description>Nama saya Bernardus Ivan Hertanto, Programmer, Gamer, dan Wirausaha. Hobi membaca light novel seperti Overlord, In Another World With My Smartphone, Arifureta, dan lain lain.</description>
    </item>
    
  </channel>
</rss>
