<?xml version="1.0" encoding="utf-8" standalone="yes"?>
<rss version="2.0" xmlns:atom="http://www.w3.org/2005/Atom">
  <channel>
    <title>bash on Ivan Personal Blog</title>
    <link>/en/tags/bash/</link>
    <description>Recent content in bash on Ivan Personal Blog</description>
    <generator>Hugo -- gohugo.io</generator>
    <language>en-us</language>
    <lastBuildDate>Mon, 11 Jan 2021 00:00:00 +0000</lastBuildDate><atom:link href="/en/tags/bash/index.xml" rel="self" type="application/rss+xml" />
    <item>
      <title>Linux tar Command</title>
      <link>/en/blog/tar/</link>
      <pubDate>Mon, 11 Jan 2021 00:00:00 +0000</pubDate>
      
      <guid>/en/blog/tar/</guid>
      <description>File compression is an essential utility across all platforms. It helps you reduce file size and share files efficiently. And compressed files are also easier to copy to remote servers.</description>
    </item>
    
  </channel>
</rss>
