<?xml version="1.0" encoding="utf-8" standalone="yes"?>
<rss version="2.0" xmlns:atom="http://www.w3.org/2005/Atom">
  <channel>
    <title>Categories on Ivan Personal Blog</title>
    <link>/categories/</link>
    <description>Recent content in Categories on Ivan Personal Blog</description>
    <generator>Hugo -- gohugo.io</generator>
    <language>id-id</language>
    <lastBuildDate>Mon, 11 Jan 2021 00:00:00 +0000</lastBuildDate><atom:link href="/categories/index.xml" rel="self" type="application/rss+xml" />
    <item>
      <title>Programming</title>
      <link>/categories/programming/</link>
      <pubDate>Mon, 11 Jan 2021 00:00:00 +0000</pubDate>
      
      <guid>/categories/programming/</guid>
      <description></description>
    </item>
    
    <item>
      <title>Akutansi</title>
      <link>/categories/akutansi/</link>
      <pubDate>Tue, 01 Sep 2020 00:00:00 +0000</pubDate>
      
      <guid>/categories/akutansi/</guid>
      <description></description>
    </item>
    
  </channel>
</rss>
