<?xml version="1.0" encoding="utf-8" standalone="yes"?>
<rss version="2.0" xmlns:atom="http://www.w3.org/2005/Atom">
  <channel>
    <title>Tags on Ivan Personal Blog</title>
    <link>/en/tags/</link>
    <description>Recent content in Tags on Ivan Personal Blog</description>
    <generator>Hugo -- gohugo.io</generator>
    <language>en-us</language>
    <lastBuildDate>Mon, 11 Jan 2021 00:00:00 +0000</lastBuildDate><atom:link href="/en/tags/index.xml" rel="self" type="application/rss+xml" />
    <item>
      <title>bash</title>
      <link>/en/tags/bash/</link>
      <pubDate>Mon, 11 Jan 2021 00:00:00 +0000</pubDate>
      
      <guid>/en/tags/bash/</guid>
      <description></description>
    </item>
    
    <item>
      <title>cheat-sheet</title>
      <link>/en/tags/cheat-sheet/</link>
      <pubDate>Mon, 11 Jan 2021 00:00:00 +0000</pubDate>
      
      <guid>/en/tags/cheat-sheet/</guid>
      <description></description>
    </item>
    
    <item>
      <title>sh</title>
      <link>/en/tags/sh/</link>
      <pubDate>Mon, 11 Jan 2021 00:00:00 +0000</pubDate>
      
      <guid>/en/tags/sh/</guid>
      <description></description>
    </item>
    
  </channel>
</rss>
