<?xml version="1.0" encoding="utf-8" standalone="yes"?>
<rss version="2.0" xmlns:atom="http://www.w3.org/2005/Atom">
  <channel>
    <title>Tags on Ivan Personal Blog</title>
    <link>/tags/</link>
    <description>Recent content in Tags on Ivan Personal Blog</description>
    <generator>Hugo -- gohugo.io</generator>
    <language>id-id</language>
    <lastBuildDate>Mon, 11 Jan 2021 00:00:00 +0000</lastBuildDate><atom:link href="/tags/index.xml" rel="self" type="application/rss+xml" />
    <item>
      <title>bash</title>
      <link>/tags/bash/</link>
      <pubDate>Mon, 11 Jan 2021 00:00:00 +0000</pubDate>
      
      <guid>/tags/bash/</guid>
      <description></description>
    </item>
    
    <item>
      <title>cheat-sheet</title>
      <link>/tags/cheat-sheet/</link>
      <pubDate>Mon, 11 Jan 2021 00:00:00 +0000</pubDate>
      
      <guid>/tags/cheat-sheet/</guid>
      <description></description>
    </item>
    
    <item>
      <title>sh</title>
      <link>/tags/sh/</link>
      <pubDate>Mon, 11 Jan 2021 00:00:00 +0000</pubDate>
      
      <guid>/tags/sh/</guid>
      <description></description>
    </item>
    
    <item>
      <title>Pajak</title>
      <link>/tags/pajak/</link>
      <pubDate>Tue, 01 Sep 2020 00:00:00 +0000</pubDate>
      
      <guid>/tags/pajak/</guid>
      <description></description>
    </item>
    
    <item>
      <title>SQL</title>
      <link>/tags/sql/</link>
      <pubDate>Fri, 14 Feb 2020 00:00:00 +0000</pubDate>
      
      <guid>/tags/sql/</guid>
      <description></description>
    </item>
    
  </channel>
</rss>
